id,type,title,director,cast,country,release_year,rating,duration,listed_in,description
1,Movie,3 Idiots,Rajkumar Hirani,"Aamir Khan, Kareena Kapoor, R. Madhavan, Sharman Joshi, Boman Irani, Omi Vaidya",India,2009,PG-13,170 min,"Comedies, Dramas, International Movies","Two friends searching for their long lost companion. They revisit their college days and recall the memories of their friend who inspired them to think differently, even as the rest of the world called them ""idiots""."
2,Movie,Lagaan,Ashutosh Gowariker,"Aamir Khan, Gracy Singh, Rachel Shelley, Paul Blackthorne",India,2001,PG,224 min,"Dramas, International Movies, Music & Musicals","In 1890s India, an arrogant British commander challenges the harshly taxed residents of a small village to a game of cricket, with their freedom from taxes on the line."
3,Movie,Dangal,Nitesh Tiwari,"Aamir Khan, Sakshi Tanwar, Fatima Sana Shaikh, Sanya Malhotra, Zaira Wasim",India,2016,PG,161 min,"Dramas, International Movies, Sports Movies","Former wrestler Mahavir Singh Phogat and his two wrestler daughters struggle towards glory at the Commonwealth Games in the face of societal oppression."
4,TV Show,Sacred Games,Anurag Kashyap,Vikramaditya Motwane,"Saif Ali Khan, Nawazuddin Siddiqui, Radhika Apte, Pankaj Tripathi, Kalki Koechlin",India,2018,TV-MA,2 Seasons,"Crime TV Shows, International TV Shows, TV Thrillers","A link in their pasts leads an honest cop to a fugitive gang boss, whose cryptic warning spurs the officer on a quest to save Mumbai from cataclysm."
5,Movie,Baahubali: The Beginning,S.S. Rajamouli,"Prabhas, Rana Daggubati, Anushka Shetty, Tamannaah, Ramya Krishna",India,2015,TV-14,159 min,"Action & Adventure, Dramas, International Movies","In the kingdom of Mahishmati, a young man raised in a remote village discovers his royal heritage and must confront a tyrannical ruler to claim his throne."
6,Movie,Baahubali 2: The Conclusion,S.S. Rajamouli,"Prabhas, Rana Daggubati, Anushka Shetty, Sathyaraj, Ramya Krishna",India,2017,TV-14,167 min,"Action & Adventure, Dramas, International Movies","When Shiva, the son of Bahubali, learns about his heritage, he begins to look for answers. His story is juxtaposed with past events that unfolded in the Mahishmati Kingdom."
7,TV Show,Mirzapur,Gurmmeet Singh,Mihir Desai,"Pankaj Tripathi, Ali Fazal, Vikrant Massey, Divyendu Sharma, Shweta Tripathi",India,2018,TV-MA,2 Seasons,"Crime TV Shows, Dramas, International TV Shows","A shocking incident at a wedding procession ignites a series of events entangling the lives of two families in the lawless city of Mirzapur."
8,Movie,Gully Boy,Zoya Akhtar,"Ranveer Singh, Alia Bhatt, Siddhant Chaturvedi, Kalki Koechlin, Vijay Raaz",India,2019,TV-MA,154 min,"Dramas, International Movies, Music & Musicals","A coming-of-age story based on the lives of street rappers in Mumbai. A young man from a Mumbai slum rises to fame as a rapper."
9,Movie,Andhadhun,Sriram Raghavan,"Ayushmann Khurrana, Tabu, Radhika Apte, Anil Dhawan",India,2018,TV-MA,139 min,"Comedies, Dramas, International Movies","A series of mysterious events changes the life of a blind pianist, who must now report a crime that he should technically know nothing of."
10,Movie,Zindagi Na Milegi Dobara,Zoya Akhtar,"Hrithik Roshan, Abhay Deol, Farhan Akhtar, Katrina Kaif, Kalki Koechlin",India,2011,TV-14,155 min,"Comedies, Dramas, International Movies","Three friends decide to turn their fantasy vacation into reality after one of them gets engaged. A road trip in Spain changes their lives forever."
11,TV Show,The Family Man,Raj & DK,"Manoj Bajpayee, Priyamani, Sharib Hashmi, Samantha Akkineni",India,2019,TV-MA,2 Seasons,"Action & Adventure, Dramas, International TV Shows","A working man from the National Investigation Agency tries to protect the nation from terrorism, while also trying to protect his family from the impact of his secretive, high-pressure job."
12,Movie,Queen,Vikas Bahl,"Kangana Ranaut, Rajkummar Rao, Lisa Haydon",India,2013,TV-14,146 min,"Comedies, Dramas, International Movies","A sheltered young woman from a traditional family in Delhi is jilted by her fianc√©. She decides to go on their honeymoon to Paris and Amsterdam by herself."
13,Movie,Barfi!,Anurag Basu,"Ranbir Kapoor, Priyanka Chopra, Ileana D'Cruz, Saurabh Shukla",India,2012,TV-PG,151 min,"Comedies, Dramas, International Movies","Three young people learn that love can neither be defined nor contained by society's definition of normal and abnormal. The story of a deaf-mute boy and his relationships."
14,Movie,Drishyam,Nishikant Kamat,"Ajay Devgn, Tabu, Shriya Saran, Ishita Dutta",India,2015,TV-14,163 min,"Dramas, International Movies, Thrillers","A man takes desperate measures to save his family from the dark side of the law, when they commit an unexpected crime."
15,TV Show,Panchayat,Deepak Kumar Mishra,"Jitendra Kumar, Raghubir Yadav, Neena Gupta, Chandan Roy",India,2020,TV-14,2 Seasons,"Comedies, Dramas, International TV Shows","An engineering graduate, for lack of a better job option, takes up a job as a secretary of a Panchayat office in a remote village of Uttar Pradesh."
16,Movie,Kahaani,Sujoy Ghosh,"Vidya Balan, Parambrata Chatterjee, Nawazuddin Siddiqui",India,2012,TV-14,122 min,"Dramas, International Movies, Thrillers","A pregnant woman's search for her missing husband takes her from London to Kolkata, but everyone she questions denies having ever met him."
17,Movie,Super Deluxe,Thiagarajan Kumararaja,"Vijay Sethupathi, Fahadh Faasil, Samantha Ruth Prabhu, Ramya Krishnan",India,2019,TV-MA,176 min,"Dramas, Independent Movies, International Movies","An unfaithful wife, an estranged father and an angry son find themselves in the most unexpected predicaments after a series of seemingly unrelated events."
18,TV Show,Kota Factory,Raghav Subbu,"Mayur More, Jitendra Kumar, Ranjan Raj, Alam Khan",India,2019,TV-MA,2 Seasons,"Comedies, Dramas, International TV Shows","Set in the student city of Kota, the series follows the life of a young student as he navigates campus life in a city known for its coaching centers."
19,Movie,Gangs of Wasseypur - Part 1,Anurag Kashyap,"Manoj Bajpayee, Richa Chadda, Nawazuddin Siddiqui, Tigmanshu Dhulia, Pankaj Tripathi",India,2012,TV-MA,160 min,"Action & Adventure, Dramas, International Movies","A clash between Sultan and Shahid Khan leads to the expulsion of Khan from Wasseypur, and a bloody, multigenerational feud begins."
20,Movie,Gangs of Wasseypur - Part 2,Anurag Kashyap,"Nawazuddin Siddiqui, Huma Qureshi, Richa Chadda, Tigmanshu Dhulia, Pankaj Tripathi",India,2012,TV-MA,159 min,"Action & Adventure, Dramas, International Movies","The epic saga of the Wasseypur gangs continues as Faizal Khan, the son of Sardar Khan, takes over the family business and seeks revenge."
21,Movie,PK,Rajkumar Hirani,"Aamir Khan, Anushka Sharma, Sushant Singh Rajput, Boman Irani, Sanjay Dutt",India,2014,TV-14,153 min,"Comedies, Dramas, International Movies","An alien on Earth loses the remote control for his spaceship. His innocent questions and childlike curiosity force people to re-evaluate their beliefs."
22,Movie,Haider,Vishal Bhardwaj,"Shahid Kapoor, Tabu, Kay Kay Menon, Irrfan Khan, Shraddha Kapoor",India,2014,TV-MA,160 min,"Dramas, International Movies, Thrillers","A young man returns to Kashmir after his father's disappearance to confront his uncle, whom he suspects of playing a role in his father's fate."
23,TV Show,Paatal Lok,Avinash Arun,Prosit Roy,"Jaideep Ahlawat, Neeraj Kabi, Abhishek Banerjee, Swastika Mukherjee",India,2020,TV-MA,1 Season,"Crime TV Shows, Dramas, International TV Shows","A down-and-out cop lands the case of a lifetime when four suspects are nabbed in the assassination attempt of a prime-time journalist."
24,Movie,Tumbbad,Rahi Anil Barve,Anand Gandhi,"Sohum Shah, Jyoti Malshe, Anita Date-Kelkar, Ronjini Chakraborty",India,2018,TV-MA,104 min,"Dramas, Horror Movies, International Movies","A mythological story about a goddess who created the entire universe. The plot revolves around the consequences when humans build a temple for her first-born."
25,Movie,Masaan,Neeraj Ghaywan,"Richa Chadda, Vicky Kaushal, Sanjay Mishra, Shweta Tripathi",India,2015,TV-MA,109 min,"Dramas, Independent Movies, International Movies","Four lives intersect along the Ganges river: a low caste boy in hopeless love, a daughter ridden with guilt of a sexual encounter ending in a tragedy, a hapless father with fading morality, and a spirited child yearning for a family."
26,Movie,Talvar,Meghna Gulzar,"Irrfan Khan, Konkona Sen Sharma, Neeraj Kabi, Sohum Shah",India,2015,TV-14,132 min,"Dramas, International Movies, Thrillers","An experienced investigator confronts several conflicting theories about the perpetrators of a violent double homicide."
27,Movie,Udta Punjab,Abhishek Chaubey,"Shahid Kapoor, Alia Bhatt, Kareena Kapoor, Diljit Dosanjh",India,2016,TV-MA,148 min,"Action & Adventure, Dramas, International Movies","The interwoven stories of a rock star, a migrant labourer, a doctor and a policeman highlight the drug abuse crisis in the Indian state of Punjab."
28,TV Show,Scam 1992: The Harshad Mehta Story,Hansal Mehta,Jai Mehta,"Pratik Gandhi, Shreya Dhanwanthary, Hemant Kher, Anjali Barot",India,2020,TV-MA,1 Season,"Crime TV Shows, Dramas, International TV Shows","Set in 1980s and 90s Bombay, it follows the life of Harshad Mehta, a stockbroker who took the stock market to dizzying heights and his catastrophic downfall."
29,Movie,Newton,Amit V. Masurkar,"Rajkummar Rao, Pankaj Tripathi, Anjali Patil, Raghubir Yadav",India,2017,TV-14,106 min,"Comedies, Dramas, International Movies","A government clerk on election duty in the conflict-ridden jungle of Central India tries his best to conduct free and fair voting despite the apathy of security forces and the looming fear of guerrilla attacks."
30,Movie,Article 15,Anubhav Sinha,"Ayushmann Khurrana, Nassar, Manoj Pahwa, Kumud Mishra, Isha Talwar",India,2019,TV-MA,130 min,"Dramas, International Movies, Thrillers","In a country where caste discrimination is illegal, an upright city-bred police officer is posted to a rural village and must investigate the disappearance of three Dalit girls."
31,Movie,Padmaavat,Sanjay Leela Bhansali,"Deepika Padukone, Ranveer Singh, Shahid Kapoor, Aditi Rao Hydari",India,2018,TV-MA,164 min,"Dramas, International Movies, Romantic Movies","In medieval India, a tyrannical sultan's obsession with a Rajput queen leads him to invade her kingdom, resulting in a fierce battle and a tragic choice."
32,Movie,Bajirao Mastani,Sanjay Leela Bhansali,"Ranveer Singh, Deepika Padukone, Priyanka Chopra, Tanvi Azmi",India,2015,TV-14,158 min,"Dramas, International Movies, Romantic Movies","The historical tale of the Maratha warrior Peshwa Bajirao I and his second wife, Mastani, a warrior princess."
33,Movie,Delhi Belly,Abhinay Deo,"Imran Khan, Vir Das, Kunaal Roy Kapur, Shenaz Treasury",India,2011,TV-MA,103 min,"Action & Adventure, Comedies, International Movies","Three struggling roommates in Delhi find themselves in trouble after they unknowingly mix up a gangster's package."
34,TV Show,Made in Heaven,Zoya Akhtar,Nitya Mehra,Prashant Nair,Alankrita Shrivastava,"Arjun Mathur, Sobhita Dhulipala, Kalki Koechlin, Jim Sarbh",India,2019,TV-MA,1 Season,"Dramas, International TV Shows, Romantic TV Shows","Two wedding planners in Delhi run an agency named 'Made in Heaven'. The series chronicles their lives as they navigate the complexities of their clients' lives and their own."
35,Movie,Stree,Amar Kaushik,"Rajkummar Rao, Shraddha Kapoor, Pankaj Tripathi, Aparshakti Khurana",India,2018,TV-14,128 min,"Comedies, Horror Movies, International Movies","In the small town of Chanderi, the menfolk live in fear of an evil spirit named 'Stree' who abducts men at night."
36,Movie,Pink,Aniruddha Roy Chowdhury,"Amitabh Bachchan, Taapsee Pannu, Kirti Kulhari, Andrea Tariang",India,2016,TV-14,136 min,"Dramas, International Movies, Thrillers","After being molested, a young woman and her friends are charged with attempted murder. A retired lawyer steps in to help them clear their names."
37,Movie,Vicky Donor,Shoojit Sircar,"Ayushmann Khurrana, Yami Gautam, Annu Kapoor",India,2012,TV-14,125 min,"Comedies, International Movies, Romantic Movies","A fertility expert is in search of a quality sperm donor. He finds one in a carefree young man from Delhi, whose life changes when he falls in love."
38,Movie,The Lunchbox,Ritesh Batra,"Irrfan Khan, Nimrat Kaur, Nawazuddin Siddiqui",India,2013,PG,104 min,"Dramas, Independent Movies, International Movies","A mistaken delivery in Mumbai's famously efficient lunchbox delivery system connects a lonely widower to a neglected housewife."
39,Movie,Badhaai Ho,Amit Sharma,"Ayushmann Khurrana, Sanya Malhotra, Neena Gupta, Gajraj Rao",India,2018,TV-14,124 min,"Comedies, Dramas, International Movies","A middle-aged couple's unexpected pregnancy throws their family into a state of chaos and embarrassment, forcing them to confront societal judgment."
40,Movie,Munna Bhai M.B.B.S.,Rajkumar Hirani,"Sanjay Dutt, Arshad Warsi, Gracy Singh, Boman Irani",India,2003,TV-14,156 min,"Comedies, Dramas, International Movies","A gangster sets out to fulfill his father's dream of him becoming a doctor. With help from his sidekick, he enrolls in a medical college."
41,TV Show,Delhi Crime,Richie Mehta,"Shefali Shah, Rasika Dugal, Adil Hussain, Rajesh Tailang",India,2019,TV-MA,1 Season,"Crime TV Shows, Dramas, International TV Shows","Based on the 2012 Delhi gang rape case, this series follows the Delhi Police investigation to find the men who perpetrated the heinous crime."
42,Movie,Dev.D,Anurag Kashyap,"Abhay Deol, Mahie Gill, Kalki Koechlin",India,2009,TV-MA,144 min,"Dramas, International Movies, Romantic Movies","A modern-day take on the classic novel 'Devdas'. A young man, after breaking up with his childhood sweetheart, finds solace in drugs and a troubled but good-hearted prostitute."
43,Movie,Omkara,Vishal Bhardwaj,"Ajay Devgn, Saif Ali Khan, Kareena Kapoor, Konkona Sen Sharma, Vivek Oberoi",India,2006,TV-MA,155 min,"Action & Adventure, Dramas, International Movies","A politically-minded enforcer's misguided trust in his lieutenant leads to a tragic tale of jealousy, betrayal, and violence. An adaptation of Shakespeare's 'Othello'."
44,Movie,Jab We Met,Imtiaz Ali,"Shahid Kapoor, Kareena Kapoor, Tarun Arora, Dara Singh",India,2007,TV-PG,138 min,"Comedies, International Movies, Romantic Movies","A heartbroken tycoon aimlessly boards a train and meets a bubbly, talkative young woman. Their journey together changes his outlook on life."
45,Movie,A Wednesday!,Neeraj Pandey,"Anupam Kher, Naseeruddin Shah, Jimmy Sheirgill, Aamir Bashir",India,2008,TV-14,104 min,"Action & Adventure, Dramas, Thrillers","A retiring police commissioner recounts the most memorable case of his career, where he was informed that bombs have been planted in Mumbai."
46,Movie,Swades,Ashutosh Gowariker,"Shah Rukh Khan, Gayatri Joshi, Kishori Ballal",India,2004,PG,210 min,"Dramas, International Movies, Music & Musicals","A successful Indian scientist returns to an Indian village to take his nanny to America with him and in the process rediscovers his roots."
47,Movie,Black Friday,Anurag Kashyap,"Kay Kay Menon, Pavan Malhotra, Aditya Srivastava, Imtiaz Ali",India,2004,TV-MA,143 min,"Dramas, International Movies, Thrillers","A film about the investigations following the 1993 serial Bombay bomb blasts, told through the different stories of the people involved."
48,Movie,Taare Zameen Par,Aamir Khan,"Darsheel Safary, Aamir Khan, Tisca Chopra, Vipin Sharma",India,2007,PG,165 min,"Dramas, International Movies, Music & Musicals","An eight-year-old boy is thought to be a lazy trouble-maker, until the new art teacher has the patience and compassion to discover the real problem behind his struggles in school."
49,TV Show,Breathe,Mayank Sharma,"R. Madhavan, Amit Sadh, Hrishikesh Joshi, Sapna Pabbi",India,2018,TV-MA,1 Season,"Dramas, International TV Shows, TV Thrillers","A brilliant but unconventional cop investigates a series of seemingly unconnected deaths of organ donors. The case leads him to a suspect he can't seem to crack."
50,Movie,Mardaani,Pradeep Sarkar,"Rani Mukerji, Tahir Raj Bhasin, Jisshu Sengupta",India,2014,TV-MA,113 min,"Action & Adventure, Dramas, International Movies","A fearless cop chases a ruthless kingpin of a child trafficking racket in a cat-and-mouse game that leads her across the country."
51,Movie,Rang De Basanti,Rakeysh Omprakash Mehra,"Aamir Khan, Siddharth, Sharman Joshi, Kunal Kapoor, Soha Ali Khan, R. Madhavan, Alice Patten",India,2006,TV-14,167 min,"Comedies, Dramas, International Movies","The story of six young Indians who assist an English woman to film a documentary on the freedom fighters from their past, and the events that lead them to relive the long-forgotten saga of freedom."
52,Movie,Piku,Shoojit Sircar,"Amitabh Bachchan, Deepika Padukone, Irrfan Khan, Jisshu Sengupta",India,2015,TV-PG,123 min,"Comedies, Dramas, International Movies","A quirky road trip. A story of a dysfunctional family, where a cantankerous father and his strong-willed daughter embark on a journey from Delhi to Kolkata with a reluctant taxi owner."
53,TV Show,Sacred Games,Anurag Kashyap, Vikramaditya Motwane,"Saif Ali Khan, Nawazuddin Siddiqui, Radhika Apte, Pankaj Tripathi",India,2019,TV-MA,2 Seasons,"Crime TV Shows, International TV Shows, TV Thrillers","Sartaj Singh continues his quest to save Mumbai, unraveling the larger conspiracy involving a guru, an actress, and a mysterious criminal mastermind."
54,Movie,Udaan,Vikramaditya Motwane,"Rajat Barmecha, Ronit Roy, Aayan Boradia, Ram Kapoor",India,2010,TV-14,134 min,"Dramas, Independent Movies, International Movies","Expelled from his school, a 16-year-old boy returns home to his abusive and oppressive father. He must fight to pursue his dream of being a writer."
55,Movie,Dil Chahta Hai,Farhan Akhtar,"Aamir Khan, Saif Ali Khan, Akshaye Khanna, Preity Zinta, Sonali Kulkarni, Dimple Kapadia",India,2001,TV-PG,183 min,"Comedies, Dramas, International Movies","Three inseparable childhood friends are just out of college. Nothing comes between them - until they each fall in love, and their wildly different approaches to relationships create tension."
56,TV Show,Mirzapur,Gurmmeet Singh, Mihir Desai,"Ali Fazal, Pankaj Tripathi, Divyendu Sharma, Shweta Tripathi, Rasika Dugal",India,2020,TV-MA,2 Seasons,"Crime TV Shows, Dramas, International TV Shows","The world of Mirzapur has become more complex. The stakes are higher. The game is on, and the board is bloody. Guddu and Golu are on a path of revenge."
57,Movie,My Name Is Khan,Karan Johar,"Shah Rukh Khan, Kajol, Jimmy Sheirgill, Sonya Jehan",India,2010,PG-13,165 min,"Dramas, International Movies, Romantic Movies","An Indian man with Asperger's syndrome living in San Francisco embarks on a journey across the U.S. to meet the president after a tragedy."
58,Movie,Band Baaja Baaraat,Maneesh Sharma,"Ranveer Singh, Anushka Sharma, Manu Rishi Chadha",India,2010,TV-PG,139 min,"Comedies, International Movies, Romantic Movies","Two youngsters from Delhi start a wedding planning business together. Their professional partnership is a huge success, but their personal relationship gets complicated."
59,Movie,Sholay,Ramesh Sippy,"Dharmendra, Amitabh Bachchan, Amjad Khan, Sanjeev Kumar, Hema Malini, Jaya Bachchan",India,1975,PG,204 min,"Action & Adventure, Classic Movies, International Movies","After his family is murdered by a notorious and ruthless bandit, a former police officer enlists the help of two smaller-time criminals to help him capture the bandit."
60,Movie,Ludo,Anurag Basu,"Abhishek Bachchan, Rajkummar Rao, Pankaj Tripathi, Aditya Roy Kapur, Sanya Malhotra, Fatima Sana Shaikh",India,2020,TV-MA,150 min,"Comedies, Dramas, International Movies","From a resurfaced sex tape to a rogue suitcase of money, four wildly different stories overlap at the whims of fate, chance and one eccentric criminal."
61,Movie,Kapoor & Sons,Shakun Batra,"Rishi Kapoor, Ratna Pathak Shah, Rajat Kapoor, Fawad Khan, Sidharth Malhotra, Alia Bhatt",India,2016,TV-14,132 min,"Comedies, Dramas, International Movies","Two estranged brothers return to their dysfunctional family home to visit their ailing grandfather. Old conflicts and secrets resurface."
62,TV Show,Aarya,Ram Madhvani,Sandeep Modi,"Sushmita Sen, Chandrachur Singh, Namit Das, Sikandar Kher",India,2020,TV-MA,1 Season,"Crime TV Shows, Dramas, International TV Shows","When her husband is shot, a doting wife and mother is forced to take over his illegal business and will do anything to protect her three children."
63,Movie,English Vinglish,Gauri Shinde,"Sridevi, Adil Hussain, Mehdi Nebbou, Priya Anand",India,2012,PG,134 min,"Comedies, Dramas, International Movies","A quiet, sweet-tempered housewife endures small slights from her well-educated husband and daughter every day because of her inability to speak and understand English."
64,Movie,Rockstar,Imtiaz Ali,"Ranbir Kapoor, Nargis Fakhri, Shammi Kapoor, Kumud Mishra",India,2011,TV-14,159 min,"Dramas, International Movies, Music & Musicals","A small-town boy who dreams of being a rock star is told that he needs to experience heartbreak to create great music. He sets out to fall in love, and then to get his heart broken."
65,Movie,Highway,Imtiaz Ali,"Alia Bhatt, Randeep Hooda, Durgesh Kumar",India,2014,TV-14,133 min,"Dramas, International Movies, Romantic Movies","Right before her wedding, a young woman finds herself abducted and held for ransom. As the initial days pass, she begins to develop a strange bond with her kidnapper."
66,Movie,Neerja,Ram Madhvani,"Sonam Kapoor, Shabana Azmi, Yogendra Tiku, Shekhar Ravjiani",India,2016,TV-14,122 min,"Dramas, International Movies, Thrillers","The true story of Neerja Bhanot, a flight attendant who sacrificed her life while saving 359 passengers on a hijacked Pan Am flight in 1986."
67,Movie,Dilwale Dulhania Le Jayenge,Aditya Chopra,"Shah Rukh Khan, Kajol, Amrish Puri, Farida Jalal, Anupam Kher",India,1995,TV-14,189 min,"International Movies, Romantic Movies","When Raj and Simran first met on an inter-rail holiday in Europe, it wasn't exactly Love at first sight but when Simran is taken to India for an arranged marriage, things change."
68,Movie,Chennai Express,Rohit Shetty,"Shah Rukh Khan, Deepika Padukone, Nikitin Dheer, Sathyaraj",India,2013,PG-13,141 min,"Action & Adventure, Comedies, International Movies","A man's trip to fulfill his grandfather's last wish turns into an unexpected adventure when he meets a woman from a powerful South Indian family."
69,Movie,Paan Singh Tomar,Tigmanshu Dhulia,"Irrfan Khan, Mahie Gill, Rajesh Abhay",India,2012,TV-14,135 min,"Dramas, International Movies, Sports Movies","The true story of a champion athlete and soldier who becomes one of India's most feared dacoits."
70,Movie,OMG: Oh My God!,Umesh Shukla,"Paresh Rawal, Akshay Kumar, Mithun Chakraborty, Om Puri",India,2012,TV-PG,125 min,"Comedies, Dramas, Faith & Spirituality","A shopkeeper who is an atheist takes God to court when his shop is destroyed by an earthquake and the insurance company invokes the 'Act of God' clause."
71,Movie,Singham,Rohit Shetty,"Ajay Devgn, Kajal Aggarwal, Prakash Raj",India,2011,TV-14,143 min,"Action & Adventure, Dramas, International Movies","An honest and valiant police officer is transferred to a city that is controlled by a corrupt politician and gangster. He must fight the system to bring justice."
72,TV Show,Jamtara - Sabka Number Ayega,Soumendra Padhi,"Amit Sial, Dibyendu Bhattacharya, Aksha Pardasany, Sparsh Shrivastav",India,2020,TV-MA,1 Season,"Crime TV Shows, Dramas, International TV Shows","A group of young men in a small village in Jharkhand run a lucrative phishing scam, which gets them on the radar of a corrupt politician and a determined cop."
73,Movie,Raanjhanaa,Aanand L. Rai,"Dhanush, Sonam Kapoor, Abhay Deol, Swara Bhaskar",India,2013,TV-14,140 min,"Dramas, International Movies, Romantic Movies","A small-town boy's one-sided love for a girl from his childhood persists through the years. His passion leads him down a path of politics, love, and sacrifice."
74,Movie,Pad Man,R. Balki,"Akshay Kumar, Sonam Kapoor, Radhika Apte",India,2018,PG-13,140 min,"Comedies, Dramas, International Movies","Upon realizing the extent to which women are affected by their periods, a man sets out to create a sanitary pad machine and to provide inexpensive sanitary pads to the women of rural India."
75,Movie,Secret Superstar,Advait Chandan,"Zaira Wasim, Aamir Khan, Meher Vij, Raj Arjun",India,2017,PG,150 min,"Dramas, International Movies, Music & Musicals","A talented teenage singer-songwriter living with her abusive father chases her dreams of becoming a singing sensation under a pseudonym on the internet."
76,Movie,Jodhaa Akbar,Ashutosh Gowariker,"Hrithik Roshan, Aishwarya Rai Bachchan, Sonu Sood, Ila Arun",India,2008,PG,213 min,"Dramas, International Movies, Romantic Movies","A sixteenth-century political marriage of convenience between a Mughal emperor and a Rajput princess leads to true love and a change in the course of Indian history."
77,Movie,Thappad,Anubhav Sinha,"Taapsee Pannu, Pavail Gulati, Ratna Pathak Shah, Tanvi Azmi",India,2020,TV-14,142 min,"Dramas, International Movies","A single slap from her husband during a party shatters a woman's idyllic life, forcing her to question the foundations of her relationship and her own identity."
78,Movie,Kai Po Che!,Abhishek Kapoor,"Sushant Singh Rajput, Amit Sadh, Rajkummar Rao, Amrita Puri",India,2013,TV-14,120 min,"Dramas, International Movies, Sports Movies","Three friends start a cricket academy to train the next generation of players. Their bond is tested by religious politics, earthquakes, and personal ambitions."
79,Movie,Sanju,Rajkumar Hirani,"Ranbir Kapoor, Paresh Rawal, Vicky Kaushal, Manisha Koirala, Dia Mirza, Sonam Kapoor, Anushka Sharma",India,2018,TV-MA,161 min,"Dramas, International Movies","The controversial life of actor Sanjay Dutt, from his film career and personal struggles with addiction to his involvement in the 1993 Bombay bombings."
80,Movie,Lage Raho Munna Bhai,Rajkumar Hirani,"Sanjay Dutt, Arshad Warsi, Vidya Balan, Boman Irani",India,2006,TV-PG,144 min,"Comedies, Dramas, International Movies","A gangster starts to see the spirit of Mahatma Gandhi. Through his interactions with the spirit, he begins to help people solve their problems using Gandhian principles."
81,Movie,NH10,Navdeep Singh,"Anushka Sharma, Neil Bhoopalam, Darshan Kumaar",India,2015,TV-MA,115 min,"Action & Adventure, Dramas, Thrillers","A young couple's road trip goes awry when they witness an honor killing. Their attempt to intervene puts their own lives in grave danger."
82,Movie,Bhaag Milkha Bhaag,Rakeysh Omprakash Mehra,"Farhan Akhtar, Sonam Kapoor, Divya Dutta, Pavan Malhotra",India,2013,TV-14,186 min,"Dramas, International Movies, Sports Movies","The true story of the 'Flying Sikh' - world champion runner and Olympian Milkha Singh - who overcame the massacre of his family, civil war during the India-Pakistan partition, and homelessness to become one of India's most iconic athletes."
83,TV Show,Gullak,Amrit Raj Gupta,"Jameel Khan, Geetanjali Kulkarni, Vaibhav Raj Gupta, Harsh Mayar",India,2019,TV-PG,2 Seasons,"Comedies, Dramas, International TV Shows","A collection of heartwarming and relatable tales from the life of the Mishra family, set in a small town in North India. Each episode is a slice of middle-class life."
84,Movie,Mary Kom,Omung Kumar,"Priyanka Chopra, Darshan Kumaar, Sunil Thapa",India,2014,TV-14,122 min,"Dramas, International Movies, Sports Movies","The story of the Indian boxer Mary Kom, who overcame numerous hardships to become a world champion."
85,Movie,Gangs of Wasseypur,Anurag Kashyap,"Manoj Bajpayee, Richa Chadda, Nawazuddin Siddiqui, Tigmanshu Dhulia, Pankaj Tripathi, Huma Qureshi, Rajkummar Rao, Jaideep Ahlawat",India,2012,TV-MA,321 min,"Action & Adventure, Dramas, International Movies","The complete saga. A clash between Sultan and Shahid Khan leads to Khan's expulsion from Wasseypur, and ignites a brutal fifty-year feud spanning three generations."
86,Movie,Bulbbul,Anvita Dutt,"Tripti Dimri, Avinash Tiwary, Paoli Dam, Rahul Bose, Parambrata Chatterjee",India,2020,TV-MA,94 min,"Dramas, Horror Movies, International Movies","A child bride grows into an enigmatic woman ruling a household, harboring a painful past as supernatural murders of men plague her village."
87,TV Show,Apharan,Sidharth Sengupta,"Arunoday Singh, Mahie Gill, Nidhi Singh, Varun Badola",India,2018,TV-MA,1 Season,"Action & Adventure, Crime TV Shows, International TV Shows","A senior inspector with the Uttarakhand police is lured into kidnapping a young girl at her own request. The simple plan goes horribly wrong, landing him in deep trouble."
88,Movie,Lipstick Under My Burkha,Alankrita Shrivastava,"Ratna Pathak Shah, Konkona Sen Sharma, Aahana Kumra, Plabita Borthakur",India,2016,TV-MA,117 min,"Comedies, Dramas, Independent Movies","Four women in a small town in India seek freedom from the confines of their conservative society through small acts of rebellion."
89,Movie,Raazi,Meghna Gulzar,"Alia Bhatt, Vicky Kaushal, Jaideep Ahlawat, Rajit Kapur",India,2018,TV-14,138 min,"Action & Adventure, Dramas, Thrillers","In 1971, a young Indian woman agrees to marry a Pakistani army officer to spy for her country during the Indo-Pakistani War."
90,Movie,Simmba,Rohit Shetty,"Ranveer Singh, Sara Ali Khan, Sonu Sood, Ashutosh Rana",India,2018,TV-MA,158 min,"Action & Adventure, Comedies, Dramas","A corrupt and unethical police officer enjoys all the perks of his position until a tragedy strikes close to him, forcing him to choose the path of righteousness."
91,Movie,Bareilly Ki Barfi,Ashwiny Iyer Tiwari,"Ayushmann Khurrana, Kriti Sanon, Rajkummar Rao, Pankaj Tripathi",India,2017,TV-14,116 min,"Comedies, International Movies, Romantic Movies","A free-spirited young woman in a small town in India falls in love with the author of a book. She enlists the help of a local press owner to find him, leading to a comedy of errors."
92,Movie,Hindi Medium,Saket Chaudhary,"Irrfan Khan, Saba Qamar, Deepak Dobriyal, Dishita Sehgal",India,2017,TV-14,132 min,"Comedies, Dramas, International Movies","A couple from Chandni Chowk in Delhi aspire to give their daughter the best education and thus be a part of and accepted by the elite of Delhi."
93,TV Show,Little Things,Dhruv Sehgal,"Dhruv Sehgal, Mithila Palkar",India,2016,TV-MA,4 Seasons,"Comedies, Dramas, Romantic TV Shows","A cohabiting couple in their 20s navigate the ups and downs of work, modern-day relationships and finding themselves in contemporary Mumbai."
94,Movie,Manjhi - The Mountain Man,Ketan Mehta,"Nawazuddin Siddiqui, Radhika Apte, Tigmanshu Dhulia",India,2015,TV-14,120 min,"Dramas, Independent Movies, International Movies","The true story of Dashrath Manjhi, who carved a path through a mountain using only a hammer and chisel, spurred on by the love for his late wife."
95,Movie,Chhichhore,Nitesh Tiwari,"Sushant Singh Rajput, Shraddha Kapoor, Varun Sharma, Prateik Babbar",India,2019,TV-14,143 min,"Comedies, Dramas, International Movies","A tragic incident forces a middle-aged man to reflect on his college days along with his friends, who were labelled as 'losers'."
96,Movie,Special 26,Neeraj Pandey,"Akshay Kumar, Anupam Kher, Manoj Bajpayee, Jimmy Sheirgill, Kajal Aggarwal",India,2013,TV-14,144 min,"Dramas, International Movies, Thrillers","A team of con artists pose as CBI officers and conduct raids to rob politicians and businessmen of their black money. The real CBI is on their trail."
97,Movie,Kaminey,Vishal Bhardwaj,"Shahid Kapoor, Priyanka Chopra, Amole Gupte",India,2009,TV-MA,134 min,"Action & Adventure, Comedies, Crime Movies","The story of a pair of twins, one with a lisp and one with a stutter, who get embroiled in the world of gangsters, politicians, and rogue cops."
98,Movie,Rock On!!,Abhishek Kapoor,"Farhan Akhtar, Arjun Rampal, Purab Kohli, Luke Kenny, Prachi Desai, Shahana Goswami",India,2008,TV-14,145 min,"Dramas, International Movies, Music & Musicals","Four friends reunite to relive their glory days as a rock band. They must overcome their past conflicts to perform together one last time."
99,Movie,Wake Up Sid,Ayan Mukerji,"Ranbir Kapoor, Konkona Sen Sharma, Anupam Kher, Supriya Pathak",India,2009,TV-PG,138 min,"Comedies, Dramas, Romantic Movies","A spoiled, lazy college student has a rude awakening after he fails his final exams. He moves in with a driven, aspiring writer who teaches him about responsibility."
100,Movie,Black,Sanjay Leela Bhansali,"Amitabh Bachchan, Rani Mukerji, Shernaz Patel, Ayesha Kapur",India,2005,PG,122 min,"Dramas, International Movies","The cathartic story of a young woman who can't see, hear, or speak, and the teacher who brings a ray of light into her dark world."
101,Movie,Oye Lucky! Lucky Oye!,Dibakar Banerjee,"Abhay Deol, Paresh Rawal, Neetu Chandra, Manu Rishi Chadha",India,2008,TV-14,125 min,"Comedies, Crime Movies, Dramas","The story of a charming and fearless thief in Delhi who burgles the homes of the rich with style and wit, becoming a media sensation."
102,Movie,Johnny Gaddaar,Sriram Raghavan,"Neil Nitin Mukesh, Dharmendra, Rimi Sen, Vinay Pathak, Zakir Hussain",India,2007,TV-14,135 min,"Crime Movies, Dramas, Thrillers","A member of a gang of five partners betrays his own, leading to a spiral of deceit, murder, and suspicion. A tribute to classic noir thrillers."
103,TV Show,Special OPS,Neeraj Pandey, Shivam Nair,"Kay Kay Menon, Karan Tacker, Vinay Pathak, Divya Dutta",India,2020,TV-MA,1 Season,"Action & Adventure, Crime TV Shows, Thrillers","The story of a RAW agent who draws parallels between multiple terrorist attacks and is convinced a single person is behind all the attacks."
104,Movie,No One Killed Jessica,Raj Kumar Gupta,"Rani Mukerji, Vidya Balan, Myra Karn, Neil Bhoopalam",India,2011,TV-14,136 min,"Dramas, Thrillers","Based on the true story of the murder of Jessica Lal. Her sister, with the help of a feisty journalist, fights for justice against a corrupt and powerful system."
105,Movie,Aamir,Raj Kumar Gupta,"Rajeev Khandelwal, Gajraj Rao, Aishwarya",India,2008,TV-14,99 min,"Dramas, Thrillers","A young Muslim doctor returning to Mumbai from the UK is forced into a terrorist plot by an extremist who threatens his family."
106,Movie,Fashion,Madhur Bhandarkar,"Priyanka Chopra, Kangana Ranaut, Mugdha Godse, Arjan Bajwa",India,2008,TV-MA,167 min,"Dramas, International Movies","An aspiring small-town girl wants to make it big in the glamorous world of fashion. She experiences the highs and lows of the industry."
107,Movie,Life in a... Metro,Anurag Basu,"Dharmendra, Nafisa Ali, Shilpa Shetty, Kay Kay Menon, Shiney Ahuja, Irrfan Khan, Konkona Sen Sharma, Kangana Ranaut, Sharman Joshi",India,2007,TV-14,132 min,"Dramas, International Movies, Romantic Movies","The interconnected stories of a group of people living in Mumbai, exploring themes of love, infidelity, and ambition in a bustling metropolis."
108,Movie,Jaane Tu... Ya Jaane Na,Abbas Tyrewala,"Imran Khan, Genelia D'Souza, Manjari Phadnis, Ayaz Khan, Paresh Rawal, Ratna Pathak Shah",India,2008,TV-PG,155 min,"Comedies, Romantic Movies","Two best friends are convinced they aren't in love, so they search for the perfect match for each other, only to realize what they have been looking for was right there all along."
109,Movie,Welcome,Anees Bazmee,"Akshay Kumar, Nana Patekar, Anil Kapoor, Katrina Kaif, Paresh Rawal, Feroz Khan, Mallika Sherawat",India,2007,TV-14,159 min,"Comedies, International Movies","A man from a respectable family falls in love with a beautiful woman, but her brothers are notorious gangsters. He must navigate their dangerous world to win her hand."
110,Movie,Dhoom 2,Sanjay Gadhvi,"Hrithik Roshan, Abhishek Bachchan, Aishwarya Rai Bachchan, Uday Chopra, Bipasha Basu",India,2006,TV-14,152 min,"Action & Adventure, International Movies, Thrillers","A cool and daring thief plans a series of spectacular heists. Two cops are on his trail, but the thief always seems to be one step ahead."
111,Movie,Krrish,Rakesh Roshan,"Hrithik Roshan, Priyanka Chopra, Rekha, Naseeruddin Shah",India,2006,TV-PG,185 min,"Action & Adventure, Sci-Fi & Fantasy","The son of a scientist with superpowers must hide his abilities from the world, but when he falls in love, he is drawn to the city and must use his powers to become a hero."
112,TV Show,Inside Edge,Karan Anshuman,"Vivek Oberoi, Richa Chadda, Angad Bedi, Tanuj Virwani, Siddhant Chaturvedi, Sayani Gupta",India,2017,TV-MA,3 Seasons,"Dramas, Sports TV, TV Thrillers","A fictional T20 cricket team, the Mumbai Mavericks, plays in the Powerplay League. The series explores the dark side of cricket, including match-fixing, betting, and power struggles."
113,Movie,Dhoom,Sanjay Gadhvi,"Abhishek Bachchan, Uday Chopra, John Abraham, Esha Deol, Rimi Sen",India,2004,TV-14,129 min,"Action & Adventure, Thrillers","A gang of bikers is on a robbing spree in Mumbai. A no-nonsense cop is assigned to the case and recruits a bumbling mechanic to help him catch the criminals."
114,Movie,Golmaal: Fun Unlimited,Rohit Shetty,"Ajay Devgn, Arshad Warsi, Sharman Joshi, Tusshar Kapoor, Paresh Rawal, Rimi Sen",India,2006,TV-14,150 min,"Comedies, International Movies","Four friends who are always getting into trouble take refuge in the home of a blind couple, pretending one of them is their grandson."
115,Movie,Sarkar,Ram Gopal Varma,"Amitabh Bachchan, Abhishek Bachchan, Kay Kay Menon, Katrina Kaif, Tanisha Mukherjee",India,2005,TV-MA,124 min,"Dramas, Thrillers","An influential political figure in Mumbai, whose power is reminiscent of a mafia don, navigates a world of crime, politics, and family betrayal. An Indian adaptation of 'The Godfather'."
116,Movie,Bluffmaster!,Rohan Sippy,"Abhishek Bachchan, Priyanka Chopra, Riteish Deshmukh, Nana Patekar, Boman Irani",India,2005,TV-14,148 min,"Comedies, Dramas, Thrillers","A master con artist gets a taste of his own medicine when his girlfriend dumps him and he discovers he has a serious illness. He decides to pull one last big con."
117,Movie,Khosla Ka Ghosla!,Dibakar Banerjee,"Anupam Kher, Boman Irani, Parvin Dabas, Vinay Pathak, Ranvir Shorey, Tara Sharma",India,2006,TV-PG,135 min,"Comedies, Dramas","A middle-class man's land is grabbed by a ruthless builder. To get it back, he and his sons devise an ingenious plan to con the con man."
118,Movie,Race,Abbas-Mustan,"Saif Ali Khan, Akshaye Khanna, Bipasha Basu, Katrina Kaif, Anil Kapoor, Sameera Reddy",India,2008,TV-14,155 min,"Action & Adventure, Thrillers","Two stepbrothers who own a stud farm are locked in a bitter rivalry. The film is a web of deceit, betrayal, and murder where everyone is racing against each other."
119,TV Show,Criminal Justice,Tigmanshu Dhulia, Vishal Furia,"Pankaj Tripathi, Vikrant Massey, Jackie Shroff, Anupriya Goenka, Mita Vashisht",India,2019,TV-MA,1 Season,"Crime TV Shows, Dramas","A cab driver's one-night stand turns into a nightmare when he wakes up to find his passenger murdered and he is the prime suspect. A lawyer with a questionable reputation takes his case."
120,Movie,Don,Farhan Akhtar,"Shah Rukh Khan, Priyanka Chopra, Arjun Rampal, Boman Irani, Isha Koppikar",India,2006,TV-14,171 min,"Action & Adventure, Thrillers","A simple man from the city is recruited by a police officer to impersonate a ruthless international drug lord whom he resembles. Things go wrong when the officer is killed."
121,Movie,Parched,Leena Yadav,"Tannishtha Chatterjee, Radhika Apte, Surveen Chawla, Adil Hussain, Lehar Khan",India,2015,TV-MA,116 min,"Dramas, Independent Movies, International Movies","In a rural village in Gujarat, India, four women dare to break free from centuries-old traditions that have kept them in servitude."
122,Movie,Sairat,Nagraj Manjule,"Rinku Rajguru, Akash Thosar",India,2016,TV-14,174 min,"Dramas, International Movies, Romantic Movies","A young couple from different castes fall in love, sparking a conflict between their families. They elope, but their love story is far from a fairytale."
123,Movie,Fanaa,Kunal Kohli,"Aamir Khan, Kajol, Rishi Kapoor, Tabu",India,2006,TV-14,168 min,"Dramas, Romantic Movies, Thrillers","A blind Kashmiri girl falls in love with a charming tour guide. Their love story is interrupted by a terrorist attack, which reveals his true identity."
124,Movie,Om Shanti Om,Farah Khan,"Shah Rukh Khan, Deepika Padukone, Arjun Rampal, Shreyas Talpade, Kirron Kher",India,2007,TV-PG,162 min,"Comedies, Dramas, Romantic Movies","In the 1970s, a junior artist is in love with a superstar, but he is murdered. He is reincarnated in the present day to avenge his death."
125,Movie,Lakshya,Farhan Akhtar,"Hrithik Roshan, Preity Zinta, Amitabh Bachchan, Om Puri",India,2004,TV-14,186 min,"Action & Adventure, Dramas, War Movies","An aimless young man joins the Indian Army on a whim but quits when he finds it too difficult. His life changes when he re-enlists and becomes a disciplined officer, leading his troops in the Kargil War."
126,Movie,Maqbool,Vishal Bhardwaj,"Irrfan Khan, Tabu, Pankaj Kapur, Naseeruddin Shah, Om Puri",India,2003,TV-MA,132 min,"Crime Movies, Dramas","An adaptation of Shakespeare's 'Macbeth' set in the Mumbai underworld. The right-hand man of a powerful gangster is instigated by his boss's mistress to murder him and take his place."
127,Movie,Kabhi Khushi Kabhie Gham...,Karan Johar,"Amitabh Bachchan, Jaya Bachchan, Shah Rukh Khan, Kajol, Hrithik Roshan, Kareena Kapoor, Rani Mukerji",India,2001,PG,210 min,"Dramas, International Movies, Romantic Movies","A rich businessman disowns his adopted son after he marries a woman of a lower social standing. Years later, his younger son embarks on a mission to reunite the family."
128,Movie,Anand,Hrishikesh Mukherjee,"Rajesh Khanna, Amitabh Bachchan, Sumita Sanyal",India,1971,PG,122 min,"Classic Movies, Dramas, International Movies","A terminally ill man with a cheerful and positive outlook on life changes the lives of everyone he meets, especially his cynical doctor."
129,Movie,Chak De! India,Shimit Amin,"Shah Rukh Khan, Vidya Malvade, Sagarika Ghatge, Shilpa Shukla",India,2007,PG,153 min,"Dramas, International Movies, Sports Movies","A disgraced former hockey star coaches the Indian women's national hockey team to prove his loyalty to the nation."
130,Movie,Kal Ho Naa Ho,Nikkhil Advani,"Shah Rukh Khan, Saif Ali Khan, Preity Zinta, Jaya Bachchan",India,2003,TV-PG,186 min,"Comedies, Dramas, Romantic Movies","The life of a serious and uptight young woman is changed by the arrival of her new neighbor, a cheerful man who teaches her to live in the moment. But he is hiding a secret."
131,Movie,Mughal-e-Azam,K. Asif,"Prithviraj Kapoor, Dilip Kumar, Madhubala, Durga Khote",India,1960,PG,197 min,"Classic Movies, Dramas, Romantic Movies","A 16th-century prince falls in love with a court dancer and battles with his emperor father over his forbidden love."
132,Movie,Guide,Vijay Anand,"Dev Anand, Waheeda Rehman, Leela Chitnis",India,1965,PG,183 min,"Classic Movies, Dramas, Romantic Movies","A tour guide falls in love with a married woman who is unhappy in her marriage. He helps her pursue her dream of becoming a dancer, but their relationship faces societal challenges."
133,Movie,Pyaasa,Guru Dutt,"Guru Dutt, Mala Sinha, Waheeda Rehman, Johnny Walker",India,1957,PG,146 min,"Classic Movies, Dramas, Music & Musicals","A struggling poet, rejected by society and his loved ones, finds solace in the company of a prostitute who appreciates his work."
134,Movie,Mother India,Mehboob Khan,"Nargis, Sunil Dutt, Rajendra Kumar, Raaj Kumar",India,1957,PG,172 min,"Classic Movies, Dramas, International Movies","A poverty-stricken woman raises her sons through many trials and tribulations. She stands as a symbol of Indian womanhood and sacrifice."
135,TV Show,Malgudi Days,Shankar Nag,"Girish Karnad, Vaishali Kasaravalli, Anant Nag",India,1986,TV-G,1 Season,"Classic TV, Dramas","Based on the works of R.K. Narayan, this series tells the stories of the people living in the fictional South Indian town of Malgudi."
136,Movie,Pushpa: The Rise - Part 1,Sukumar,"Allu Arjun, Fahadh Faasil, Rashmika Mandanna",India,2021,TV-MA,179 min,"Action & Adventure, Dramas, Thrillers","A labourer rises through the ranks of a red sandalwood smuggling syndicate, making enemies along the way."
137,Movie,RRR,S.S. Rajamouli,"N.T. Rama Rao Jr., Ram Charan, Ajay Devgn, Alia Bhatt, Shriya Saran",India,2022,TV-MA,187 min,"Action & Adventure, Dramas, International Movies","A fictitious story about two legendary revolutionaries and their journey away from home before they started fighting for their country in the 1920s."
138,Movie,K.G.F: Chapter 1,Prashanth Neel,"Yash, Srinidhi Shetty, Anant Nag, Ramachandra Raju",India,2018,TV-MA,156 min,"Action & Adventure, Dramas, International Movies","In the 1970s, a fiery young man from the streets of Bombay rises to power in the gold fields of Kolar, a brutal and lawless territory."
139,Movie,K.G.F: Chapter 2,Prashanth Neel,"Yash, Sanjay Dutt, Raveena Tandon, Srinidhi Shetty",India,2022,TV-MA,168 min,"Action & Adventure, Dramas, International Movies","The new king of the Kolar Gold Fields must face new threats from all sides, including the government and his old enemies, as he fights to keep his empire."
140,Movie,Vikram,Lokesh Kanagaraj,"Kamal Haasan, Vijay Sethupathi, Fahadh Faasil, Suriya",India,2022,TV-MA,175 min,"Action & Adventure, Crime Movies, Thrillers","A black-ops squad leader goes after a mysterious group of masked men who have declared war on the system, leading to a bloody and high-stakes conflict."
141,Movie,Soorarai Pottru,Sudha Kongara,"Suriya, Aparna Balamurali, Paresh Rawal, Urvashi",India,2020,TV-14,153 min,"Dramas, International Movies","A man from a remote village dreams of launching his own low-cost airline. He must overcome immense obstacles and a powerful industry rival to make his dream a reality."
142,Movie,Jai Bhim,T. J. Gnanavel,"Suriya, Lijomol Jose, Manikandan, Rajisha Vijayan",India,2021,TV-MA,164 min,"Crime Movies, Dramas, International Movies","When a tribal man is arrested for a crime he did not commit, his wife seeks the help of a crusading lawyer to bring justice to her husband and her community."
143,Movie,Asuran,Vetrimaaran,"Dhanush, Manju Warrier, Ken Karunas, Teejay Arunasalam",India,2019,TV-MA,141 min,"Action & Adventure, Dramas, International Movies","A farmer from a lower caste family goes on the run with his son to protect him after the boy kills a wealthy, upper-caste landlord in a fit of rage."
144,Movie,Vada Chennai,Vetrimaaran,"Dhanush, Ameer, Andrea Jeremiah, Aishwarya Rajesh",India,2018,TV-MA,164 min,"Action & Adventure, Crime Movies, Dramas","A skilled carrom player in North Chennai gets inadvertently involved in a gang war between two powerful criminals. The film chronicles his rise in the underworld."
145,Movie,96,C. Prem Kumar,"Vijay Sethupathi, Trisha Krishnan, Varsha Bollamma, Adithya Bhaskar",India,2018,TV-PG,158 min,"Dramas, International Movies, Romantic Movies","Two high school sweethearts meet at a reunion after 22 years and reminisce about their past, exploring the what-ifs and the could-have-beens."
146,TV Show,Rocket Boys,Abhay Pannu,"Jim Sarbh, Ishwak Singh, Regina Cassandra",India,2022,TV-PG,1 Season,"Dramas, Historical TV, Science & Nature TV","The story of two extraordinary men, Dr. Homi J. Bhabha and Dr. Vikram Sarabhai, who created history while building India's future in science and space."
147,Movie,Shershaah,Vishnuvardhan,"Sidharth Malhotra, Kiara Advani, Shiv Panditt",India,2021,TV-14,135 min,"Action & Adventure, Dramas, War Movies","The story of PVC awardee Indian soldier Capt. Vikram Batra, whose bravery and unflinching courage in chasing the enemy soldiers away from Indian territory contributed immensely in India's win in the Kargil War."
148,Movie,Sardar Udham,Shoojit Sircar,"Vicky Kaushal, Shaun Scott, Stephen Hogan, Amol Parashar",India,2021,TV-MA,164 min,"Dramas, Historical Movies, Thrillers","A biographical film about Udham Singh, a revolutionary freedom fighter who assassinated Michael O'Dwyer in London to avenge the 1919 Jallianwala Bagh massacre."
149,Movie,Gehraiyaan,Shakun Batra,"Deepika Padukone, Siddhant Chaturvedi, Ananya Panday, Dhairya Karwa, Naseeruddin Shah, Rajat Kapoor",India,2022,TV-MA,148 min,"Dramas, International Movies, Romantic Movies","A young woman finds herself at a crossroads in her life. Her six-year relationship has grown monotonous and her career has hit a roadblock. A trip with her cousin brings her to a new, complicated relationship."
150,Movie,Chandigarh Kare Aashiqui,Abhishek Kapoor,"Ayushmann Khurrana, Vaani Kapoor, Abhishek Bajaj",India,2021,TV-14,117 min,"Comedies, International Movies, Romantic Movies","A bodybuilder and gym owner in Chandigarh falls in love with a Zumba teacher. However, their relationship is put to the test when a surprising revelation comes to light."
151,Movie,Mimi,Laxman Utekar,"Kriti Sanon, Pankaj Tripathi, Sai Tamhankar, Evelyn Edwards",India,2021,TV-14,132 min,"Comedies, Dramas, International Movies","An aspiring actress in a small town in Rajasthan agrees to become a surrogate for an American couple. The film follows her journey through the ups and downs of surrogacy."
152,Movie,Jersey,Gowtam Tinnanuri,"Shahid Kapoor, Mrunal Thakur, Pankaj Kapur",India,2022,TV-14,170 min,"Dramas, Sports Movies","A talented but failed cricketer decides to return to the sport in his late thirties, driven by a desire to represent the Indian cricket team and fulfill his son's wish for a jersey."
153,Movie,Badhaai Do,Harshavardhan Kulkarni,"Rajkummar Rao, Bhumi Pednekar, Chum Darang, Sheeba Chaddha",India,2022,TV-14,147 min,"Comedies, Dramas, LGBTQ Movies","A gay cop and a lesbian teacher enter into a marriage of convenience to appease their prying families. They live as roommates but their arrangement is threatened when the woman's girlfriend comes to stay."
154,Movie,Jalsa,Suresh Triveni,"Vidya Balan, Shefali Shah, Manav Kaul, Rohini Hattangadi",India,2022,TV-MA,129 min,"Dramas, Thrillers","The story of a successful journalist and her cook, whose lives are thrown into turmoil after a hit-and-run incident involving the cook's daughter."
155,Movie,Dasvi,Tushar Jalota,"Abhishek Bachchan, Yami Gautam, Nimrat Kaur",India,2022,TV-14,126 min,"Comedies, Dramas, Social Issue Dramas","An uneducated and corrupt politician, who is jailed, decides to appear for his 10th-grade examinations to prove his mettle. His decision has unexpected consequences for his wife, who has taken over as Chief Minister."
156,TV Show,Yeh Kaali Kaali Ankhein,Sidharth Sengupta,"Tahir Raj Bhasin, Shweta Tripathi, Anchal Singh, Saurabh Shukla",India,2022,TV-MA,1 Season,"Crime TV Shows, Romantic TV Shows, Thrillers","A man's life takes a dark turn when he becomes the object of a powerful politician's daughter's obsessive desire. He must go to extreme lengths to reclaim his life."
157,Movie,Love Hostel,Shanker Raman,"Vikrant Massey, Sanya Malhotra, Bobby Deol",India,2022,TV-MA,100 min,"Crime Movies, Romantic Movies, Thrillers","A young couple from different religious backgrounds elope and get married. They are hunted by a ruthless mercenary hired by the girl's family."
158,Movie,A Thursday,Behzad Khambata,"Yami Gautam, Atul Kulkarni, Neha Dhupia, Dimple Kapadia",India,2022,TV-MA,129 min,"Thrillers","A playschool teacher takes 16 students hostage. Her demands send shockwaves through the country and put the police and the prime minister in a difficult position."
159,TV Show,The Great Indian Murder,Tigmanshu Dhulia,"Richa Chadda, Pratik Gandhi, Ashutosh Rana, Raghubir Yadav",India,2022,TV-MA,1 Season,"Crime TV Shows, Dramas, Mysteries","When a notorious industrialist is murdered at a party, two investigators must navigate a web of suspects, each with a motive for the crime."
160,Movie,Kaun Pravin Tambe?,Jayprad Desai,"Shreyas Talpade, Ashish Vidyarthi, Parambrata Chatterjee, Anjali Patil",India,2022,TV-14,134 min,"Dramas, Sports Movies","The incredible true story of Pravin Tambe, who made his professional cricket debut at the age of 41, proving that it's never too late to chase your dreams."
161,Movie,Anek,Anubhav Sinha,"Ayushmann Khurrana, Andrea Kevich√ºsa, Manoj Pahwa, J.D. Chakravarthy",India,2022,TV-MA,147 min,"Action & Adventure, Social Issue Dramas, Thrillers","An undercover cop on a mission to neutralize a separatist group in Northeast India begins to question his own beliefs and the idea of what it means to be an Indian."
162,Movie,Attack: Part 1,Lakshya Raj Anand,"John Abraham, Jacqueline Fernandez, Rakul Preet Singh",India,2022,TV-MA,123 min,"Action & Adventure, Sci-Fi & Fantasy","An army soldier who is left paralyzed after a terrorist attack volunteers for a government program to become a cybernetically enhanced super-soldier."
163,Movie,Jayeshbhai Jordaar,Divyang Thakkar,"Ranveer Singh, Shalini Pandey, Boman Irani, Ratna Pathak Shah",India,2022,TV-14,124 min,"Comedies, Social Issue Dramas","A mild-mannered man must flee with his pregnant wife to save their unborn daughter from his patriarchal father, who wants a male heir."
164,Movie,Runway 34,Ajay Devgn,"Ajay Devgn, Amitabh Bachchan, Rakul Preet Singh, Boman Irani",India,2022,TV-14,148 min,"Dramas, Thrillers","Inspired by true events, the film follows a brilliant pilot whose flight takes a mysterious course after taking off from an international destination. An investigation follows, challenging his skills and his decisions."
165,Movie,Gangubai Kathiawadi,Sanjay Leela Bhansali,"Alia Bhatt, Ajay Devgn, Vijay Raaz, Seema Pahwa",India,2022,TV-MA,157 min,"Biographical Dramas, Crime Movies, Dramas","A young woman is sold into prostitution in the red-light district of Kamathipura. She embraces her destiny and rises to become a powerful figure, fighting for the rights of sex workers."
166,TV Show,Mai: A Mother's Rage,Anshai Lal, Atul Mongia,"Sakshi Tanwar, Wamiqa Gabbi, Vivek Mushran, Raima Sen",India,2022,TV-MA,1 Season,"Crime TV Shows, Dramas, Thrillers","After her daughter's tragic death, a meek middle-aged woman discovers the criminals responsible and transforms into a vengeful force, navigating a world of crime and corruption."
167,Movie,Sharmaji Namkeen,Hitesh Bhatia,"Rishi Kapoor, Paresh Rawal, Juhi Chawla, Suhail Nayyar",India,2022,TV-14,121 min,"Comedies, Dramas","After his forced retirement, a widower discovers a passion for cooking and joins a women's kitty circle, leading to a journey of self-discovery and a new lease on life. Rishi Kapoor's last film, completed by Paresh Rawal."
168,Movie,Jhund,Nagraj Manjule,"Amitabh Bachchan, Akash Thosar, Rinku Rajguru",India,2022,TV-14,178 min,"Dramas, Social Issue Dramas, Sports Movies","Based on the life of Vijay Barse, a retired sports teacher who founded Slum Soccer, an organization dedicated to rehabilitating street kids through football."
169,Movie,Toolsidas Junior,Mridul Mahendra,"Sanjay Dutt, Rajiv Kapoor, Dalip Tahil, Varun Buddhadev",India,2022,PG,131 min,"Dramas, Family Movies, Sports Movies","A young boy is determined to help his father, a snooker champion, win a prestigious tournament after a humiliating defeat. He seeks the help of a former champion to train him."
170,Movie,The Kashmir Files,Vivek Agnihotri,"Anupam Kher, Mithun Chakraborty, Darshan Kumaar, Pallavi Joshi",India,2022,TV-MA,170 min,"Dramas, Historical Movies","A college student, under the influence of his professor, sets out to uncover the truth about the exodus of Kashmiri Pandits from the Kashmir Valley in the 1990s."
171,Movie,83,Kabir Khan,"Ranveer Singh, Deepika Padukone, Pankaj Tripathi, Tahir Raj Bhasin, Jiiva, Saqib Saleem",India,2021,PG,162 min,"Dramas, Historical Movies, Sports Movies","The true story of the Indian cricket team's improbable journey to win the 1983 Cricket World Cup, led by their captain, Kapil Dev."
172,Movie,Bellbottom,Ranjit M Tewari,"Akshay Kumar, Vaani Kapoor, Huma Qureshi, Lara Dutta",India,2021,TV-14,123 min,"Action & Adventure, Thrillers","In the 1980s, an undercover RAW agent is assigned to a covert mission to rescue 210 hostages from a hijacked Indian airplane."
173,Movie,Atrangi Re,Aanand L. Rai,"Dhanush, Sara Ali Khan, Akshay Kumar",India,2021,TV-14,138 min,"Dramas, Romantic Movies, Music & Musicals","A feisty young woman, caught between her longtime lover and a man she is forcibly married to, finds herself in a complicated and unusual love triangle."
174,Movie,Bob Biswas,Diya Annapurna Ghosh,"Abhishek Bachchan, Chitrangada Singh, Samara Tijori",India,2021,TV-MA,131 min,"Crime Movies, Thrillers","A mild-mannered insurance agent comes out of a coma with no memory of his past. He is forced to confront his dark history when he is told he was a contract killer."
175,Movie,Sooryavanshi,Rohit Shetty,"Akshay Kumar, Katrina Kaif, Ajay Devgn, Ranveer Singh",India,2021,TV-MA,145 min,"Action & Adventure, Crime Movies","The head of the Anti-Terrorism Squad in Mumbai must race against time to stop a major terrorist attack planned by a sleeper cell."
176,Movie,The Big Bull,Kookie Gulati,"Abhishek Bachchan, Ileana D'Cruz, Nikita Dutta, Sohum Shah",India,2021,TV-14,154 min,"Biographical Dramas, Crime Movies","The story of a stockbroker in the late 1980s and early 1990s who rose from humble beginnings to become a financial wizard, shaking up the country's economic system."
177,Movie,Haseen Dillruba,Vinil Mathew,"Taapsee Pannu, Vikrant Massey, Harshvardhan Rane",India,2021,TV-MA,136 min,"Mysteries, Romantic Movies, Thrillers","Under investigation as a suspect in her husband's murder, a wife reveals details of their thorny marriage that seem to only further blur the truth."
178,Movie,Toofaan,Rakeysh Omprakash Mehra,"Farhan Akhtar, Mrunal Thakur, Paresh Rawal, Hussain Dalal",India,2021,TV-MA,162 min,"Action & Adventure, Dramas, Sports Movies","An orphaned street-brawler from Dongri finds his calling in boxing. The film follows his journey from a local goon to a national-level boxer."
179,Movie,Pagglait,Umesh Bist,"Sanya Malhotra, Ashutosh Rana, Shruti Sharma, Sayani Gupta, Raghubir Yadav",India,2021,TV-14,114 min,"Comedies, Dramas","A young woman is widowed soon after her marriage. As the family grieves, she is unable to feel any sorrow and sets out on a journey of self-discovery."
180,Movie,The Girl on the Train,Ribhu Dasgupta,"Parineeti Chopra, Aditi Rao Hydari, Kirti Kulhari, Avinash Tiwary",India,2021,TV-MA,120 min,"Mysteries, Thrillers","An amnesiac divorc√©e gets embroiled in a missing person's investigation that sends shockwaves through her life."
181,TV Show,Mumbai Diaries 26/11,Nikkhil Advani,Nikhil Gonsalves,"Mohit Raina, Konkona Sen Sharma, Tina Desai, Shreya Dhanwanthary",India,2021,TV-MA,1 Season,"Dramas, Medical TV, Thrillers","The series follows the staff of a government hospital and their experiences during the 2008 Mumbai terror attacks, highlighting their resilience and courage."
182,Movie,Roohi,Hardik Mehta,"Rajkummar Rao, Janhvi Kapoor, Varun Sharma",India,2021,TV-14,134 min,"Comedies, Horror Movies","Two small-town boys get stuck with a girl who is possessed by a spirit. They must find a way to get rid of the spirit while also dealing with their own feelings for her."
183,Movie,Saina,Amole Gupte,"Parineeti Chopra, Manav Kaul, Eshan Naqvi, Meghna Malik",India,2021,PG,135 min,"Biographical Dramas, Sports Movies","The inspiring story of badminton player Saina Nehwal, chronicling her journey from a young prodigy to becoming the No. 1 ranked player in the world."
184,Movie,The White Tiger,Ramin Bahrani,"Adarsh Gourav, Rajkummar Rao, Priyanka Chopra Jonas",India,2021,R,125 min,"Crime Movies, Dramas","An ambitious driver for a rich Indian family uses his wit and cunning to escape from poverty and become an entrepreneur. Based on the bestselling novel."
185,TV Show,Tandav,Ali Abbas Zafar,"Saif Ali Khan, Dimple Kapadia, Sunil Grover, Tigmanshu Dhulia, Dino Morea, Kumud Mishra, Gauahar Khan, Zeeshan Ayyub",India,2021,TV-MA,1 Season,"Dramas, Political TV, Thrillers","In the capital city of the world's largest democracy, a charismatic political leader's ambition to become the Prime Minister is threatened by secrets, betrayals, and family politics."
186,Movie,AK vs AK,Vikramaditya Motwane,"Anil Kapoor, Anurag Kashyap, Sonam Kapoor, Harshvardhan Kapoor",India,2020,TV-MA,108 min,"Action & Adventure, Comedies, Thrillers","After a public spat, a disgraced filmmaker kidnaps the daughter of a movie star and films the star's desperate search for her in real-time with hidden cameras."
187,Movie,Chhalaang,Hansal Mehta,"Rajkummar Rao, Nushrratt Bharuccha, Mohammed Zeeshan Ayyub, Saurabh Shukla",India,2020,PG,136 min,"Comedies, Dramas, Sports Movies","A happy-go-lucky Physical Training Instructor in a semi-government funded school is forced to take his job seriously when a new PT teacher challenges his position and his love interest."
188,Movie,Durgamati: The Myth,G. Ashok,"Bhumi Pednekar, Arshad Warsi, Jisshu Sengupta, Mahie Gill",India,2020,TV-MA,155 min,"Horror Movies, Thrillers","An IAS officer is imprisoned in a haunted house for interrogation. However, things take a terrifying turn when she gets possessed by a spirit."
189,Movie,Gunjan Saxena: The Kargil Girl,Sharan Sharma,"Janhvi Kapoor, Pankaj Tripathi, Angad Bedi, Vineet Kumar Singh",India,2020,TV-14,112 min,"Biographical Dramas, Dramas, War Movies","The inspiring true story of Gunjan Saxena, the first Indian female air-force pilot in combat."
190,Movie,Laxmii,Raghava Lawrence,"Akshay Kumar, Kiara Advani, Sharad Kelkar",India,2020,TV-MA,141 min,"Comedies, Horror Movies","A man who doesn't believe in ghosts is possessed by the spirit of a transgender person who is out for revenge."
191,Movie,Serious Men,Sudhir Mishra,"Nawazuddin Siddiqui, Indira Tiwari, Aakshath Das, Nassar",India,2020,TV-14,114 min,"Comedies, Dramas","Tormented with his 'underprivileged' societal status, a father capitalizes on his son's newfound fame as a boy-genius. He soon realizes that the secret he harbors will destroy the very thing he loves the most."
192,Movie,Shakuntala Devi,Anu Menon,"Vidya Balan, Sanya Malhotra, Jisshu Sengupta, Amit Sadh",India,2020,PG,127 min,"Biographical Dramas, Comedies, Dramas","The story of the world-renowned mathematician Shakuntala Devi, who was popularly known as the 'human computer'. The film explores her life as a mathematician and as a mother."
193,Movie,Angrezi Medium,Homi Adajania,"Irrfan Khan, Radhika Madan, Kareena Kapoor Khan, Deepak Dobriyal",India,2020,PG,145 min,"Comedies, Dramas","A devoted father goes to great lengths to fulfill his daughter's dream of studying in London. A heartwarming story of family and ambition."
194,Movie,Gulabo Sitabo,Shoojit Sircar,"Amitabh Bachchan, Ayushmann Khurrana, Vijay Raaz, Brijendra Kala",India,2020,TV-PG,124 min,"Comedies, Dramas","Two scheming men, a landlord and his tenant, are caught in a game of one-upmanship, each one trying to outdo the other in their pursuit of their own selfish interests."
195,Movie,Kaamyaab,Hardik Mehta,"Sanjay Mishra, Deepak Dobriyal, Sarika Singh",India,2018,TV-14,109 min,"Dramas, Independent Movies","A washed-up character actor decides to come out of retirement to complete his 500th film, hoping to land a memorable role that will make him a star."
196,Movie,Malang,Mohit Suri,"Aditya Roy Kapur, Disha Patani, Anil Kapoor, Kunal Khemu",India,2020,TV-MA,135 min,"Action & Adventure, Romantic Movies, Thrillers","A young man goes on a killing spree, targeting corrupt police officers. The story unfolds in two different timelines, revealing his motive and his tragic love story."
197,Movie,Panga,Ashwiny Iyer Tiwari,"Kangana Ranaut, Jassie Gill, Richa Chadda, Neena Gupta",India,2020,PG,131 min,"Dramas, Family Movies, Sports Movies","A former national-level Kabaddi player, who is now a mother and wife, decides to make a comeback to the sport she loves, with the support of her family."
198,Movie,Jawaani Jaaneman,Nitin Kakkar,"Saif Ali Khan, Alaya F, Tabu, Kubbra Sait",India,2020,TV-14,119 min,"Comedies, Dramas, Romantic Movies","A 40-year-old man, who has never grown up, has his life turned upside down when he discovers he has a 21-year-old daughter."
199,Movie,Street Dancer 3D,Remo D'Souza,"Varun Dhawan, Shraddha Kapoor, Prabhu Deva, Nora Fatehi",India,2020,PG,146 min,"Dramas, Music & Musicals","Two rival dance groups from India and Pakistan, who are always at loggerheads, compete in an international dance competition. They must overcome their differences to win."
200,Movie,Tanhaji: The Unsung Warrior,Om Raut,"Ajay Devgn, Saif Ali Khan, Kajol, Sharad Kelkar",India,2020,TV-14,135 min,"Action & Adventure, Historical Movies, War Movies","The story of the Maratha warrior Tanaji Malusare, who was Chhatrapati Shivaji Maharaj's trusted lieutenant. He leads a surgical strike to recapture the Kondhana fort from the Mughals."
201,Movie,Dabangg 3,Prabhu Deva,"Salman Khan, Sonakshi Sinha, Sudeep, Saiee Manjrekar",India,2019,TV-14,160 min,"Action & Adventure, Comedies","The third installment in the Dabangg series. Chulbul Pandey is back, and this time he has to confront his past when a ruthless old enemy returns."
202,Movie,Good Newwz,Raj Mehta,"Akshay Kumar, Kareena Kapoor Khan, Diljit Dosanjh, Kiara Advani",India,2019,TV-14,134 min,"Comedies, Dramas, Romantic Movies","Two couples with the same surname, who are trying to have a baby through IVF, have their lives turned upside down when their sperm samples are accidentally swapped."
203,Movie,Mardaani 2,Gopi Puthran,"Rani Mukerji, Vishal Jethwa, Jisshu Sengupta",India,2019,TV-MA,106 min,"Action & Adventure, Crime Movies, Thrillers","Police officer Shivani Shivaji Roy is back, and this time she is on the trail of a brutal and remorseless serial rapist and murderer."
204,Movie,Pati Patni Aur Woh,Mudassar Aziz,"Kartik Aaryan, Bhumi Pednekar, Ananya Panday, Aparshakti Khurana",India,2019,TV-14,126 min,"Comedies, Romantic Movies","A married man, bored with his mundane life, finds his life thrown into turmoil when he falls for his young and attractive colleague."
205,Movie,Panipat,Ashutosh Gowariker,"Arjun Kapoor, Sanjay Dutt, Kriti Sanon, Mohnish Bahl",India,2019,TV-MA,173 min,"Action & Adventure, Historical Movies, War Movies","The story of the Third Battle of Panipat, which was fought between the Maratha Empire and the invading Afghan army, led by Ahmad Shah Abdali."
206,Movie,Bala,Amar Kaushik,"Ayushmann Khurrana, Bhumi Pednekar, Yami Gautam, Saurabh Shukla",India,2019,TV-14,131 min,"Comedies, Dramas, Social Issue Dramas","A young man suffering from premature balding has to deal with societal pressure and a lack of confidence. His life changes when he discovers a solution to his problem."
207,Movie,Housefull 4,Farhad Samji,"Akshay Kumar, Riteish Deshmukh, Bobby Deol, Kriti Sanon, Pooja Hegde, Kriti Kharbanda",India,2019,TV-14,146 min,"Comedies, Fantasy Movies","A set of three brothers are due to marry a set of three sisters, until one of the brothers starts to realize that they are all reincarnations from 600 years ago and the wrong couples are about to get married."
208,Movie,Saand Ki Aankh,Tushar Hiranandani,"Taapsee Pannu, Bhumi Pednekar, Prakash Jha, Vineet Kumar Singh",India,2019,PG,148 min,"Biographical Dramas, Sports Movies","The true story of two elderly women from a village in Uttar Pradesh, who became champion sharpshooters in their 60s."
209,Movie,War,Siddharth Anand,"Hrithik Roshan, Tiger Shroff, Vaani Kapoor, Ashutosh Rana",India,2019,TV-MA,154 min,"Action & Adventure, Thrillers","An Indian soldier is assigned to eliminate his former mentor, who has gone rogue. A cat-and-mouse game ensues, leading to a series of high-octane action sequences."
210,Movie,The Sky Is Pink,Shonali Bose,"Priyanka Chopra Jonas, Farhan Akhtar, Zaira Wasim, Rohit Suresh Saraf",India,2019,PG,143 min,"Dramas, Family Movies, Romantic Movies","The incredible love story of a couple spanning 25 years, told through the lens of their feisty teenage daughter who is diagnosed with a terminal illness."
211,Movie,Dream Girl,Raaj Shaandilyaa,"Ayushmann Khurrana, Nushrratt Bharuccha, Annu Kapoor, Manjot Singh",India,2019,TV-14,132 min,"Comedies, Romantic Movies","A young man, who has a talent for impersonating women's voices, gets a job at a call center where he speaks to lonely men as 'Pooja'. His life gets complicated when his clients fall in love with his alter ego."
212,Movie,Mission Mangal,Jagan Shakti,"Akshay Kumar, Vidya Balan, Sonakshi Sinha, Taapsee Pannu, Nithya Menen, Kirti Kulhari, Sharman Joshi",India,2019,PG,130 min,"Dramas, Historical Movies, Science & Nature TV","The inspiring true story of the scientists at the Indian Space Research Organisation (ISRO) who contributed to the Mars Orbiter Mission, India's first interplanetary expedition."
213,Movie,Batla House,Nikkhil Advani,"John Abraham, Mrunal Thakur, Ravi Kishan, Nora Fatehi",India,2019,TV-MA,146 min,"Action & Adventure, Dramas, Thrillers","Based on the true story of the Batla House encounter case that took place in 2008. A police officer fights to catch the culprits and prove the innocence of his team."
214,Movie,Super 30,Vikas Bahl,"Hrithik Roshan, Mrunal Thakur, Pankaj Tripathi, Nandish Sandhu",India,2019,PG,154 min,"Biographical Dramas, Dramas","The story of mathematician Anand Kumar, who started a coaching program to help 30 underprivileged students prepare for the IIT entrance exams."
215,Movie,Kabir Singh,Sandeep Reddy Vanga,"Shahid Kapoor, Kiara Advani, Arjan Bajwa, Suresh Oberoi",India,2019,TV-MA,173 min,"Dramas, Romantic Movies","A brilliant but short-tempered medical student goes on a path of self-destruction after his girlfriend is forced to marry someone else."
216,Movie,Bharat,Ali Abbas Zafar,"Salman Khan, Katrina Kaif, Sunil Grover, Disha Patani, Jackie Shroff",India,2019,TV-14,155 min,"Action & Adventure, Dramas","The journey of a man and a nation together. The film traces India's post-independence history from the perspective of a common man."
217,Movie,De De Pyaar De,Akiv Ali,"Ajay Devgn, Tabu, Rakul Preet Singh, Jimmy Sheirgill",India,2019,TV-14,135 min,"Comedies, Romantic Movies","A 50-year-old man falls in love with a 26-year-old woman. Their relationship is put to the test when he takes her to meet his ex-wife and his family."
218,Movie,Student of the Year 2,Punit Malhotra,"Tiger Shroff, Tara Sutaria, Ananya Panday, Aditya Seal",India,2019,TV-14,146 min,"Dramas, Romantic Movies, Sports Movies","A college student's life is turned upside down when he is thrown out of his school. He must now fight to win the 'Student of the Year' competition and reclaim his dignity."
219,Movie,Kalank,Abhishek Varman,"Varun Dhawan, Alia Bhatt, Sanjay Dutt, Madhuri Dixit, Sonakshi Sinha, Aditya Roy Kapur",India,2019,TV-MA,166 min,"Dramas, Period Pieces, Romantic Movies","Set in pre-independence India, the film explores the complex relationships and hidden truths of six characters from a wealthy family in the city of Husnabad."
220,Movie,Kesari,Anurag Singh,"Akshay Kumar, Parineeti Chopra, Mir Sarwar",India,2019,TV-14,150 min,"Action & Adventure, Historical Movies, War Movies","Based on the historic Battle of Saragarhi, in which an army of 21 Sikhs fought against 10,000 Afghans in 1897."
221,Movie,Luka Chuppi,Laxman Utekar,"Kartik Aaryan, Kriti Sanon, Aparshakti Khurana, Pankaj Tripathi",India,2019,TV-14,126 min,"Comedies, Romantic Movies","A television reporter in Mathura falls in love with a headstrong woman. They decide to try a live-in relationship, but their plan goes awry when their families get involved."
222,Movie,Total Dhamaal,Indra Kumar,"Ajay Devgn, Anil Kapoor, Madhuri Dixit, Riteish Deshmukh, Arshad Warsi, Javed Jaffrey, Sanjay Mishra",India,2019,PG,130 min,"Action & Adventure, Comedies","A group of eccentric characters race against each other to find a hidden treasure of 50 crore rupees. A wild and chaotic adventure ensues."
223,Movie,Manikarnika: The Queen of Jhansi,Kangana Ranaut, Radha Krishna Jagarlamudi,"Kangana Ranaut, Jisshu Sengupta, Atul Kulkarni, Mohammed Zeeshan Ayyub",India,2019,TV-14,148 min,"Action & Adventure, Biographical Dramas, War Movies","The story of Rani Lakshmibai of Jhansi, one of the leading figures of the Indian Rebellion of 1857 and a symbol of resistance to the British Raj."
224,Movie,Uri: The Surgical Strike,Aditya Dhar,"Vicky Kaushal, Paresh Rawal, Yami Gautam, Mohit Raina",India,2019,TV-MA,138 min,"Action & Adventure, War Movies","Based on the true story of the 2016 surgical strikes conducted by the Indian Army in retaliation to the Uri attack. The film follows the special forces team that carried out the mission."
225,Movie,Zero,Aanand L. Rai,"Shah Rukh Khan, Anushka Sharma, Katrina Kaif, Mohammed Zeeshan Ayyub",India,2018,TV-14,164 min,"Comedies, Dramas, Romantic Movies","A vertically challenged man from a small town dreams of dating a superstar. His life takes an unexpected turn when he gets a chance to meet her."
226,Movie,Kedarnath,Abhishek Kapoor,"Sushant Singh Rajput, Sara Ali Khan, Nitish Bharadwaj",India,2018,TV-14,120 min,"Dramas, Romantic Movies","A Hindu pilgrim and a Muslim porter fall in love during a pilgrimage to the holy town of Kedarnath. Their love is put to the test by the devastating floods that struck the region in 2013."
227,Movie,2.0,S. Shankar,"Rajinikanth, Akshay Kumar, Amy Jackson",India,2018,TV-14,148 min,"Action & Adventure, Sci-Fi & Fantasy","An ornithologist who is driven to suicide returns as a vengeful spirit, targeting mobile phone users. A scientist must reactivate his robotic creation, Chitti, to stop him."
228,Movie,Thugs of Hindostan,Vijay Krishna Acharya,"Amitabh Bachchan, Aamir Khan, Katrina Kaif, Fatima Sana Shaikh, Lloyd Owen",India,2018,TV-MA,164 min,"Action & Adventure, Period Pieces","In 1795, a band of thugs led by a fierce warrior poses a serious challenge to the British East India Company. The British hire a small-time thug to infiltrate the group and bring them down."
229,Movie,Loveyatri,Abhiraj Minawala,"Aayush Sharma, Warina Hussain, Ronit Roy, Ram Kapoor",India,2018,PG,139 min,"Comedies, Romantic Movies","A happy-go-lucky boy from Vadodara falls in love with a bright young NRI girl who visits his town during the Navratri festival. He follows her to the UK to win her heart."
230,Movie,Sui Dhaaga,Sharat Katariya,"Varun Dhawan, Anushka Sharma, Raghubir Yadav",India,2018,PG,122 min,"Comedies, Dramas","A young man from a small town decides to start his own tailoring business with his wife's support. The film celebrates the spirit of entrepreneurship and self-reliance."
231,Movie,Batti Gul Meter Chalu,Shree Narayan Singh,"Shahid Kapoor, Shraddha Kapoor, Divyendu Sharma, Yami Gautam",India,2018,TV-14,175 min,"Dramas, Social Issue Dramas","A lawyer takes on a powerful electricity company after his friend commits suicide due to an inflated electricity bill. The film highlights the issue of power theft and faulty billing."
232,Movie,Manmarziyaan,Anurag Kashyap,"Abhishek Bachchan, Taapsee Pannu, Vicky Kaushal",India,2018,TV-MA,157 min,"Dramas, Romantic Movies","A spirited young woman is caught in a love triangle between her commitment-phobic boyfriend and a responsible NRI man who wants to marry her."
233,Movie,Gold,Reema Kagti,"Akshay Kumar, Mouni Roy, Kunal Kapoor, Amit Sadh, Vineet Kumar Singh, Sunny Kaushal",India,2018,PG,154 min,"Dramas, Historical Movies, Sports Movies","The true story of the Indian hockey team's journey to win the first Olympic gold medal for an independent India at the 1948 Olympics in London."
234,Movie,Satyameva Jayate,Milap Milan Zaveri,"John Abraham, Manoj Bajpayee, Aisha Sharma, Amruta Khanvilkar",India,2018,TV-MA,141 min,"Action & Adventure, Thrillers","A vigilante goes on a killing spree, targeting corrupt police officers. An honest cop is tasked with stopping him, leading to a game of cat and mouse."
235,Movie,Karwaan,Akarsh Khurana,"Irrfan Khan, Dulquer Salmaan, Mithila Palkar",India,2018,TV-14,114 min,"Comedies, Dramas","An IT professional, who is unhappy with his job, embarks on an unexpected road trip with his quirky friend and a college student after a mix-up with dead bodies."
236,Movie,Fanney Khan,Atul Manjrekar,"Anil Kapoor, Aishwarya Rai Bachchan, Rajkummar Rao, Pihu Sand",India,2018,PG,130 min,"Comedies, Dramas, Music & Musicals","A father goes to extreme lengths to fulfill his daughter's dream of becoming a singing sensation. He kidnaps a famous pop star to get his daughter a chance to perform."
237,Movie,Mulk,Anubhav Sinha,"Rishi Kapoor, Taapsee Pannu, Prateik Babbar, Rajat Kapoor",India,2018,TV-14,140 min,"Dramas, Social Issue Dramas","A Muslim family in a small town in India has to fight for their honor after their son is accused of being a terrorist. The film explores themes of prejudice and patriotism."
238,Movie,Dhadak,Shashank Khaitan,"Janhvi Kapoor, Ishaan Khatter, Ashutosh Rana",India,2018,TV-14,138 min,"Dramas, Romantic Movies","A young couple from different castes fall in love, but their relationship is opposed by their families. They elope to build a new life together, but their happiness is short-lived."
239,Movie,Soorma,Shaad Ali,"Diljit Dosanjh, Taapsee Pannu, Angad Bedi, Vijay Raaz",India,2018,PG,131 min,"Biographical Dramas, Sports Movies","The inspiring true story of hockey player Sandeep Singh, who made a comeback to the sport after being accidentally shot and paralyzed."
240,Movie,Veere Di Wedding,Shashank Ghosh,"Kareena Kapoor Khan, Sonam Kapoor, Swara Bhaskar, Shikha Talsania, Sumeet Vyas",India,2018,TV-MA,120 min,"Comedies, Dramas, Romantic Movies","Four female friends navigate the challenges of love, life, and marriage in contemporary Delhi. The film celebrates female friendship and challenges societal norms."
241,Movie,Parmanu: The Story of Pokhran,Abhishek Sharma,"John Abraham, Diana Penty, Boman Irani, Anuja Sathe",India,2018,PG,129 min,"Dramas, Historical Movies, Thrillers","Based on the true story of the nuclear bomb test explosions conducted by the Indian Army at Pokhran in 1998. The film follows the team that made the mission a success."
242,Movie,Raazi,Meghna Gulzar,"Alia Bhatt, Vicky Kaushal, Jaideep Ahlawat, Rajit Kapur, Shishir Sharma",India,2018,TV-14,138 min,"Action & Adventure, Dramas, Thrillers","In 1971, a young Indian woman is married off to a Pakistani army officer to spy for her country during the Indo-Pakistani War. She must walk a tightrope between her duty and her emotions."
243,Movie,102 Not Out,Umesh Shukla,"Amitabh Bachchan, Rishi Kapoor, Jimit Trivedi",India,2018,PG,102 min,"Comedies, Dramas","A 102-year-old man tries to break the world record for the oldest living person. To do so, he must get rid of his grumpy 75-year-old son, so he threatens to send him to an old age home."
244,Movie,October,Shoojit Sircar,"Varun Dhawan, Banita Sandhu, Gitanjali Rao",India,2018,PG,115 min,"Dramas, Romantic Movies","A hotel management trainee's life is changed when his colleague has a tragic accident. He becomes obsessed with her recovery, leading to a journey of love, loss, and self-discovery."
245,Movie,Baaghi 2,Ahmed Khan,"Tiger Shroff, Disha Patani, Manoj Bajpayee, Randeep Hooda, Prateik Babbar",India,2018,TV-MA,144